Sl no,Name of Comodity,Unnamed: 2,Year-2019,Unnamed: 4,Unnamed: 5,Unnamed: 6,Unnamed: 7,Unnamed: 8,Unnamed: 9,Unnamed: 10,Unnamed: 11,Unnamed: 12,Unnamed: 13,Unnamed: 14,Unnamed: 15,30,Imported,red,-,-.1,-.2,-.3,-.4,-.5,-.6,-.7,"2,850","2,650","2,708","2,892","2,775",65,khail,Mustard,3350,3349,"3,318",3280,"3,283","3,309","3,312","3,531","3,329","3,352","3,344","3,343","3,342",102,",,","Bangle-6 ,,",-.8,-.9,-.10,-.11,-.12,Unnamed: 0,milk,Unnamed: 3,163,Hilsha,"58,300","57,161","61,531","68,344","68,737","72,220","75,430","68,961","66,429","67,013","61,616","62,154","65,658",198,Amra,"2,012","2,410","2,539","2,976","3,106","2,967","2,668",232,Sosha,"2,106","2,584","2,451","2,486","2,201","2,090","3,638","3,893","2,969","2,588","4,056","3,986","2,921"
,,,January,February,March,April,May,June,July,August,September,October,November,December,Average,,,,,,,,,,,,,,,,,,,,,,,,,,,,,,,,,,,,,,,,,,,,,,,,,,,,,,,,,,,,,,,,,,,,,,,,,,,,,,,,,,
1.0,"Paddy
Aman",Fine,"2,012","1,946","1,833","1,907","1,895","1,852","2,040","2,040","2,040","2,040","1,988","2,004",,,,,,,,,,,,,,,,,,,,,,,,,,,,,,,,,,,,,,,,,,,,,,,,,,,,,,,,,,,,,,,,,,,,,,,,,,,,,,,,,,,
,,,,,,,,,,,,,,,"1,966",,,,,,,,,,,,,,,,,,,,,,,,,,,,,,,,,,,,,,,,,,,,,,,,,,,,,,,,,,,,,,,,,,,,,,,,,,,,,,,,,,
,,,,,,,,,,,,,,,,,,,,,,,,,,,,,,,,,,,,,,,,,,,,,,,,,,,,,,,,,,,,,,,,,,,,,,,,,,,,,,,,,,,,,,,,,,,,,,,,,
2.0,",,",Medium,"1,828","1,806","1,747","1,741","1,684","1,680","1,730","1,730","1,730","1,442","1,657","1,673","1,704",,,,,,,,,,,,,,,,,,,,,,,,,,,,,,,,,,,,,,,,,,,,,,,,,,,,,,,,,,,,,,,,,,,,,,,,,,,,,,,,,,
3.0,",,",Coarse,"1,693","1,650","1,595","1,569","1,522","1,495","1,582","1,580","1,493","1,334","1,509","1,515","1,545",,,,,,,,,,,,,,,,,,,,,,,,,,,,,,,,,,,,,,,,,,,,,,,,,,,,,,,,,,,,,,,,,,,,,,,,,,,,,,,,,,
4.0,",,",Pajam,"2,234","2,295","2,204","2,217","2,207","2,187",-,-,-,-,"2,169","2,194","2,213",,,,,,,,,,,,,,,,,,,,,,,,,,,,,,,,,,,,,,,,,,,,,,,,,,,,,,,,,,,,,,,,,,,,,,,,,,,,,,,,,,
5.0,‘’,shugandhi,"4,071","4,412","4,224","4,289","4,740","4,600","3,675","3,713","3,750","3,750","3,763","3,809","4,066",,,,,,,,,,,,,,,,,,,,,,,,,,,,,,,,,,,,,,,,,,,,,,,,,,,,,,,,,,,,,,,,,,,,,,,,,,,,,,,,,,
6.0,Paddy Aus,medium,-,-,-,-,-,-,-,"1,418","1,431","1,455","1,474",-,"1,444",,,,,,,,,,,,,,,,,,,,,,,,,,,,,,,,,,,,,,,,,,,,,,,,,,,,,,,,,,,,,,,,,,,,,,,,,,,,,,,,,,
7.0,",,:",coarse,-,"1,606",-,"1,538","1,550","1,450",-,"1,432","1,361","1,362","1,420",-,"1,465",,,,,,,,,,,,,,,,,,,,,,,,,,,,,,,,,,,,,,,,,,,,,,,,,,,,,,,,,,,,,,,,,,,,,,,,,,,,,,,,,,
8.0,",,",pajam,-,-,-,-,-,-,-,-,-,-,-,-,-,,,,,,,,,,,,,,,,,,,,,,,,,,,,,,,,,,,,,,,,,,,,,,,,,,,,,,,,,,,,,,,,,,,,,,,,,,,,,,,,,,
9.0,Paddy Boro,fine,"2,436","2,438","2,446","2,265","1,850","1,857","1,830","1,873","1,863","1,888","2,133","2,219","2,092",,,,,,,,,,,,,,,,,,,,,,,,,,,,,,,,,,,,,,,,,,,,,,,,,,,,,,,,,,,,,,,,,,,,,,,,,,,,,,,,,,
10.0,",,",medium,"2,016","2,009","2,005","1,820","1,585","1,613","1,624","1,639","1,623","1,643","1,800","1,850","1,769",,,,,,,,,,,,,,,,,,,,,,,,,,,,,,,,,,,,,,,,,,,,,,,,,,,,,,,,,,,,,,,,,,,,,,,,,,,,,,,,,,
11.0,‘’,coarse,"1,742","1,741","1,746","1,563","1,356","1,424","1,427","1,421","1,394","1,376","1,429","1,510","1,511",,,,,,,,,,,,,,,,,,,,,,,,,,,,,,,,,,,,,,,,,,,,,,,,,,,,,,,,,,,,,,,,,,,,,,,,,,,,,,,,,,
12.0,",,",pajam,-,-,-,-,"1,683","1,809","1,800","2,065","2,340","1,688","1,767",-,"1,879",,,,,,,,,,,,,,,,,,,,,,,,,,,,,,,,,,,,,,,,,,,,,,,,,,,,,,,,,,,,,,,,,,,,,,,,,,,,,,,,,,
13.0,Rice Aman,fine,"5,015","4,967","4,947","4,922","4,814","4,802","4,733","4,769","4,818","4,763","4,834","4,822","4,850",,,,,,,,,,,,,,,,,,,,,,,,,,,,,,,,,,,,,,,,,,,,,,,,,,,,,,,,,,,,,,,,,,,,,,,,,,,,,,,,,,
14.0,",,",medium,"3,587","3,540","3,428","3,395","3,356","3,298","3,262","3,285","3,276","3,252","3,331","3,293","3,359",,,,,,,,,,,,,,,,,,,,,,,,,,,,,,,,,,,,,,,,,,,,,,,,,,,,,,,,,,,,,,,,,,,,,,,,,,,,,,,,,,
15.0,",,",coarse,"3,032","2,906","2,817","2,752","2,738","2,739","2,706","2,702","2,691","2,640","2,694","2,681","2,758",,,,,,,,,,,,,,,,,,,,,,,,,,,,,,,,,,,,,,,,,,,,,,,,,,,,,,,,,,,,,,,,,,,,,,,,,,,,,,,,,,
16.0,",,",pajam,"4,801","4,672","4,682","4,676","4,698","4,723","4,634","4,588","4,579","4,524","4,445","4,336","4,613",,,,,,,,,,,,,,,,,,,,,,,,,,,,,,,,,,,,,,,,,,,,,,,,,,,,,,,,,,,,,,,,,,,,,,,,,,,,,,,,,,
17.0,Rice Aus,Medium,-,-,-,-,-,-,-,-,"2,650","2,625",-,-,"2,638",,,,,,,,,,,,,,,,,,,,,,,,,,,,,,,,,,,,,,,,,,,,,,,,,,,,,,,,,,,,,,,,,,,,,,,,,,,,,,,,,,
18.0,",,",coarse,"2,928","2,806","2,703","2,678","2,643","2,620","2,790","2,733","2,579","2,565","2,563","2,613","2,685",,,,,,,,,,,,,,,,,,,,,,,,,,,,,,,,,,,,,,,,,,,,,,,,,,,,,,,,,,,,,,,,,,,,,,,,,,,,,,,,,,
19.0,",,",Pajam,-,-,-,-,-,-,-,-,-,-,-,-,-,,,,,,,,,,,,,,,,,,,,,,,,,,,,,,,,,,,,,,,,,,,,,,,,,,,,,,,,,,,,,,,,,,,,,,,,,,,,,,,,,,
20.0,Rice boro,fine,"4,863","4,813","4,768","4,721","4,587","4,452","4,359","4,363","4,316","4,263","4,445","4,544","4,541",,,,,,,,,,,,,,,,,,,,,,,,,,,,,,,,,,,,,,,,,,,,,,,,,,,,,,,,,,,,,,,,,,,,,,,,,,,,,,,,,,
21.0,",,",medium,"3,806","3,776","3,696","3,655","3,478","3,383","3,363","3,341","3,315","3,258","3,355","3,425","3,488",,,,,,,,,,,,,,,,,,,,,,,,,,,,,,,,,,,,,,,,,,,,,,,,,,,,,,,,,,,,,,,,,,,,,,,,,,,,,,,,,,
22.0,",,",coarse,"3,080","2,995","2,869","2,813","2,740","2,660","2,656","2,651","2,641","2,575","2,602","2,658",,,,,,,,,,,,,,,,,,,,,,,,,,,,,,,,,,,,,,,,,,,,,,,,,,,,,,,,,,,,,,,,,,,,,,,,,,,,,,,,,,,
23.0,",,",pajam,"5,128","5,017","5,021","5,022","4,847","4,750","4,768","4,663","4,754","4,494","4,576","4,360",,,,,,,,,,,,,,,,,,,,,,,,,,,,,,,,,,,,,,,,,,,,,,,,,,,,,,,,,,,,,,,,,,,,,,,,,,,,,,,,,,,
24.0,Rice OMS,course,"3,099","3,042","3,019","3,014","2,991","2,986","2,994","2,970","2,880","2,784","2,752","2,689",,,,,,,,,,,,,,,,,,,,,,,,,,,,,,,,,,,,,,,,,,,,,,,,,,,,,,,,,,,,,,,,,,,,,,,,,,,,,,,,,,,
25.0,"Aromatic
rice",Chinigura,"8,151","8,140","8,171","8,211","8,449","8,597","8,656","8,701","8,763","8,784","8,823","8,883",,,,,,,,,,,,,,,,,,,,,,,,,,,,,,,,,,,,,,,,,,,,,,,,,,,,,,,,,,,,,,,,,,,,,,,,,,,,,,,,,,,
,,,,,,,,,,,,,,,,,,,,,,,,,,,,,,,,,,,,,,,,,,,,,,,,,,,,,,,,,,,,,,,,,,,,,,,,,,,,,,,,,,,,,,,,,,,,,,,,,
,,,,,,,,,,,,,,,,,,,,,,,,,,,,,,,,,,,,,,,,,,,,,,,,,,,,,,,,,,,,,,,,,,,,,,,,,,,,,,,,,,,,,,,,,,,,,,,,,
26.0,,Kalojira,"7,783","7,755","7,854","7,897","7,987","8,116","8,165","8,166","8,174","8,276","8,358","8,352",,,,,,,,,,,,,,,,,,,,,,,,,,,,,,,,,,,,,,,,,,,,,,,,,,,,,,,,,,,,,,,,,,,,,,,,,,,,,,,,,,,
27.0,,kataribhog,"6,253","6,281","6,295","6,284","6,324","6,365","6,455","6,512","6,392","6,373","6,337","6,394",,,,,,,,,,,,,,,,,,,,,,,,,,,,,,,,,,,,,,,,,,,,,,,,,,,,,,,,,,,,,,,,,,,,,,,,,,,,,,,,,,,
28.0,Wheat local,red,"2,462","2,511","2,583","2,378","2,417","2,389","2,424","2,424","2,475","2,498","2,505","2,481",,,,,,,,,,,,,,,,,,,,,,,,,,,,,,,,,,,,,,,,,,,,,,,,,,,,,,,,,,,,,,,,,,,,,,,,,,,,,,,,,,,
29.0,",,",white,"2,552","2,549","2,479","2,346","2,396","2,397","2,459","2,486","2,518","2,548","2,571","2,574","2,490",,,,,,,,,,,,,,,,,,,,,,,,,,,,,,,,,,,,,,,,,,,,,,,,,,,,,,,,,,,,,,,,,,,,,,,,,,,,,,,,,,
,,,,,,,,,,,,,,,,31.0,",,",white,"2,517","2,540","2,537","2,491","2,474","2,440","2,480","2,529","2,551","2,592","2,551","2,625","2,527",,,,,,,,,,,,,,,,,,,,,,,,,,,,,,,,,,,,,,,,,,,,,,,,,,,,,,,,,,,,,,,,,,
,,,,,,,,,,,,,,,,32.0,Ata,loose,"2,563","2,563","2,556","2,500","2,431","2,409","2,405","2,421","2,470","2,469","2,493","2,509","2,483",,,,,,,,,,,,,,,,,,,,,,,,,,,,,,,,,,,,,,,,,,,,,,,,,,,,,,,,,,,,,,,,,,
,,,,,,,,,,,,,,,,33.0,",,",Packet,"2,999","3,014","3,003","2,993","2,993","2,979","2,981","2,984","2,992","2,990","2,994","2,985","2,992",,,,,,,,,,,,,,,,,,,,,,,,,,,,,,,,,,,,,,,,,,,,,,,,,,,,,,,,,,,,,,,,,,
,,,,,,,,,,,,,,,,34.0,flour,loose,"3,206","3,196","3,189","3,155","3,128","3,118","3,106","3,110","3,118","3,103","3,153","3,234","3,151",,,,,,,,,,,,,,,,,,,,,,,,,,,,,,,,,,,,,,,,,,,,,,,,,,,,,,,,,,,,,,,,,,
,,,,,,,,,,,,,,,,35.0,",,",packet,"4,056","4,020","4,038","4,043","4,010","4,062","4,058","4,057","4,072","4,080","4,082","4,112","4,057",,,,,,,,,,,,,,,,,,,,,,,,,,,,,,,,,,,,,,,,,,,,,,,,,,,,,,,,,,,,,,,,,,
,,,,,,,,,,,,,,,,36.0,Maize,-,"1,882","1,888","1,881","1,734","1,665","1,583","1,595","1,710","1,785","1,813","1,849","1,934","1,777",,,,,,,,,,,,,,,,,,,,,,,,,,,,,,,,,,,,,,,,,,,,,,,,,,,,,,,,,,,,,,,,,,
,,,,,,,,,,,,,,,,37.0,Kalai,mash,5604,5534,"5,505",5661,"5,748","5,881","6,055","6,059","6,172","6,285","6,563","6,875","5,995",,,,,,,,,,,,,,,,,,,,,,,,,,,,,,,,,,,,,,,,,,,,,,,,,,,,,,,,,,,,,,,,,,
,,,,,,,,,,,,,,,,38.0,",,",mashur,4880,5158,"5,218",5392,"5,761","5,987","6,146","6,195","6,425","6,306","6,297","6,328","5,841",,,,,,,,,,,,,,,,,,,,,,,,,,,,,,,,,,,,,,,,,,,,,,,,,,,,,,,,,,,,,,,,,,
,,,,,,,,,,,,,,,,39.0,",,",mug,7346,7461,"7,461",7525,"7,463","7,311","7,603","7,692","7,833","7,756","7,880","8,088","7,618",,,,,,,,,,,,,,,,,,,,,,,,,,,,,,,,,,,,,,,,,,,,,,,,,,,,,,,,,,,,,,,,,,
,,,,,,,,,,,,,,,,40.0,",,",Chola,6711,6866,"6,898",6938,"7,021","6,931","6,867","6,722","6,574","6,571","6,616","6,659","6,781",,,,,,,,,,,,,,,,,,,,,,,,,,,,,,,,,,,,,,,,,,,,,,,,,,,,,,,,,,,,,,,,,,
,,,,,,,,,,,,,,,,41.0,",,",Motor local,3034,3388,"3,307",3411,"3,497","3,476","3,346","3,392","3,382","3,446","3,414","3,408","3,375",,,,,,,,,,,,,,,,,,,,,,,,,,,,,,,,,,,,,,,,,,,,,,,,,,,,,,,,,,,,,,,,,,
,,,,,,,,,,,,,,,,42.0,",,",Motor foreign,3034,3388,"3,307",3411,"3,497","3,476","3,346","3,392","3,382","3,446","3,414","3,408","3,375",,,,,,,,,,,,,,,,,,,,,,,,,,,,,,,,,,,,,,,,,,,,,,,,,,,,,,,,,,,,,,,,,,
,,,,,,,,,,,,,,,,43.0,",,",kheshari,3004,3043,"3,081",3227,"3,568","3,573","3,657","3,649","3,554","3,674","3,875","3,880","3,482",,,,,,,,,,,,,,,,,,,,,,,,,,,,,,,,,,,,,,,,,,,,,,,,,,,,,,,,,,,,,,,,,,
,,,,,,,,,,,,,,,,44.0,Dal,Mash gota,7062,7230,"7,211",7279,"7,391","7,407","7,492","7,767","7,873","7,739","8,023","8,349","7,569",,,,,,,,,,,,,,,,,,,,,,,,,,,,,,,,,,,,,,,,,,,,,,,,,,,,,,,,,,,,,,,,,,
,,,,,,,,,,,,,,,,45.0,",,",Broken,7248,7251,"7,203",7251,"7,523","7,600","7,658","7,860","7,870","7,948","8,389","8,870","7,722",,,,,,,,,,,,,,,,,,,,,,,,,,,,,,,,,,,,,,,,,,,,,,,,,,,,,,,,,,,,,,,,,,
,,,,,,,,,,,,,,,,46.0,",,","Mashur local
gota",8133,8272,"8,385",8411,"8,784","9,043","9,312","9,476","9,466","9,518","9,923","9,674",,,,,,,,,,,,,,,,,,,,,,,,,,,,,,,,,,,,,,,,,,,,,,,,,,,,,,,,,,,,,,,,,,,
,,,,,,,,,,,,,,,,,,,,,,,,,,,,,,,"9,033",,,,,,,,,,,,,,,,,,,,,,,,,,,,,,,,,,,,,,,,,,,,,,,,,,,,,,,,,,,,,,,,,,
,,,,,,,,,,,,,,,,,,,,,,,,,,,,,,,,,,,,,,,,,,,,,,,,,,,,,,,,,,,,,,,,,,,,,,,,,,,,,,,,,,,,,,,,,,,,,,,,,
,,,,,,,,,,,,,,,,47.0,",,",Mashur broken,6069,6204,"6,163",6198,"6,346","6,402","6,337","6,486","6,682","6,286","6,283","6,428","6,324",,,,,,,,,,,,,,,,,,,,,,,,,,,,,,,,,,,,,,,,,,,,,,,,,,,,,,,,,,,,,,,,,,
,,,,,,,,,,,,,,,,48.0,",,",Mashur foreign,7413,7510,"7,565",7458,"7,764","7,827","8,069","7,895","7,797","8,187","8,339","8,465","7,857",,,,,,,,,,,,,,,,,,,,,,,,,,,,,,,,,,,,,,,,,,,,,,,,,,,,,,,,,,,,,,,,,,
,,,,,,,,,,,,,,,,49.0,",,",Mug local,10040,10242,"10,068",10039,"10,111","10,117","10,300","10,339","10,574","10,825","11,084","11,715","10,454",,,,,,,,,,,,,,,,,,,,,,,,,,,,,,,,,,,,,,,,,,,,,,,,,,,,,,,,,,,,,,,,,,
,,,,,,,,,,,,,,,,50.0,",,",Chola gota,7292,7543,"7,563",7713,"7,682","7,707","7,592","7,698","7,536","7,380","7,408","7,430","7,545",,,,,,,,,,,,,,,,,,,,,,,,,,,,,,,,,,,,,,,,,,,,,,,,,,,,,,,,,,,,,,,,,,
,,,,,,,,,,,,,,,,51.0,",,",Chola broken,7403,7638,"7,627",7643,"7,764","7,800","7,668","7,547","7,452","7,328","7,383","7,288","7,545",,,,,,,,,,,,,,,,,,,,,,,,,,,,,,,,,,,,,,,,,,,,,,,,,,,,,,,,,,,,,,,,,,
,,,,,,,,,,,,,,,,52.0,",,",Motor local,4744,5014,"5,010",5091,"5,264","5,442","5,663","5,328","5,316","5,372","5,495","5,386","5,260",,,,,,,,,,,,,,,,,,,,,,,,,,,,,,,,,,,,,,,,,,,,,,,,,,,,,,,,,,,,,,,,,,
,,,,,,,,,,,,,,,,53.0,",,",Motor foreign,3614,3661,"3,573",3573,"3,543","3,502","3,451","3,380","3,357","3,426","3,431","3,368","3,490",,,,,,,,,,,,,,,,,,,,,,,,,,,,,,,,,,,,,,,,,,,,,,,,,,,,,,,,,,,,,,,,,,
,,,,,,,,,,,,,,,,54.0,",,",kheshari,4342,4425,"4,427",4629,"5,133","5,144","5,085","5,131","5,126","5,440","5,690","6,003","5,048",,,,,,,,,,,,,,,,,,,,,,,,,,,,,,,,,,,,,,,,,,,,,,,,,,,,,,,,,,,,,,,,,,
,,,,,,,,,,,,,,,,55.0,Oil seed,Mustard,5160,4930,"4,706",4670,"4,735","5,042","4,817","4,844","4,824","4,885","4,919","4,958","4,874",,,,,,,,,,,,,,,,,,,,,,,,,,,,,,,,,,,,,,,,,,,,,,,,,,,,,,,,,,,,,,,,,,
,,,,,,,,,,,,,,,,56.0,",,",Tishi,5850,5667,"5,373",5321,"5,894","5,902","6,009","6,016","6,000","5,969","6,027","6,104","5,844",,,,,,,,,,,,,,,,,,,,,,,,,,,,,,,,,,,,,,,,,,,,,,,,,,,,,,,,,,,,,,,,,,
,,,,,,,,,,,,,,,,57.0,",,",Til,5422,5450,"5,785",5156,"7,190","7,209","7,255","6,065","6,129","7,168","8,176","8,148","6,596",,,,,,,,,,,,,,,,,,,,,,,,,,,,,,,,,,,,,,,,,,,,,,,,,,,,,,,,,,,,,,,,,,
,,,,,,,,,,,,,,,,58.0,",,",Nut,8647,8613,"9,279",9220,"9,348","9,103","8,987","8,815","8,895","8,994","9,809","9,176","9,074",,,,,,,,,,,,,,,,,,,,,,,,,,,,,,,,,,,,,,,,,,,,,,,,,,,,,,,,,,,,,,,,,,
,,,,,,,,,,,,,,,,59.0,Oil,Mustard,13139,13038,"12,981",12808,"12,739","12,986","12,818","12,694","12,806","12,831","12,817","12,846","12,875",,,,,,,,,,,,,,,,,,,,,,,,,,,,,,,,,,,,,,,,,,,,,,,,,,,,,,,,,,,,,,,,,,
,,,,,,,,,,,,,,,,60.0,",,",Soyabeen,7901,7904,"7,944",7877,"7,845","7,793","7,666","7,783","7,788","7,794","7,886","8,159","7,862",,,,,,,,,,,,,,,,,,,,,,,,,,,,,,,,,,,,,,,,,,,,,,,,,,,,,,,,,,,,,,,,,,
,,,,,,,,,,,,,,,,61.0,",,",Pulm,6177,6240,"6,246",6214,"6,078","6,022","6,002","6,065","6,105","6,131","6,258","6,660","6,183",,,,,,,,,,,,,,,,,,,,,,,,,,,,,,,,,,,,,,,,,,,,,,,,,,,,,,,,,,,,,,,,,,
,,,,,,,,,,,,,,,,62.0,“,Ghee (dalda),8634,8347,"8,550",8025,"8,107","8,370","8,173","7,992","7,972","8,078","8,128","8,149","8,210",,,,,,,,,,,,,,,,,,,,,,,,,,,,,,,,,,,,,,,,,,,,,,,,,,,,,,,,,,,,,,,,,,
,,,,,,,,,,,,,,,,63.0,",,",Butter oil,61750,61750,"60,500",56750,"52,350","60,500","51,135","63,167","62,000","61,750","60,000","60,000","59,304",,,,,,,,,,,,,,,,,,,,,,,,,,,,,,,,,,,,,,,,,,,,,,,,,,,,,,,,,,,,,,,,,,
,,,,,,,,,,,,,,,,64.0,",,",Coconut,22332,21808,"22,209",22592,"22,581","22,660","22,796","22,550","22,407","22,480","22,269","22,699","22,449",,,,,,,,,,,,,,,,,,,,,,,,,,,,,,,,,,,,,,,,,,,,,,,,,,,,,,,,,,,,,,,,,,
,,,,,,,,,,,,,,,,,,,,,,,,,,,,,,,,66.0,",,",Til,3331,3327,"3,283",3613,"3,600","3,460","3,559","3,254","3,321","3,378","3,446","3,429","3,417",,,,,,,,,,,,,,,,,,,,,,,,,,,,,,,,,,,,,,,,,,,,,,,,,,
,,,,,,,,,,,,,,,,,,,,,,,,,,,,,,,,67.0,",,",Others,3667,3667,"3,299",3293,"3,591","3,223","3,555","3,518","4,008","3,557","3,513","3,527","3,535",,,,,,,,,,,,,,,,,,,,,,,,,,,,,,,,,,,,,,,,,,,,,,,,,,
,,,,,,,,,,,,,,,,,,,,,,,,,,,,,,,,68.0,Spice,Onion local,1872,1810,"2,022",1988,"2,154","2,150","3,151","3,723","5,262","8,673","14,705","11,810","4,943",,,,,,,,,,,,,,,,,,,,,,,,,,,,,,,,,,,,,,,,,,,,,,,,,,
,,,,,,,,,,,,,,,,,,,,,,,,,,,,,,,,69.0,",,",Onion imported,1671,1542,"1,530",1649,"1,733","1,982","2,890","3,086","4,724","7,904","13,621","11,997","4,527",,,,,,,,,,,,,,,,,,,,,,,,,,,,,,,,,,,,,,,,,,,,,,,,,,
,,,,,,,,,,,,,,,,,,,,,,,,,,,,,,,,70.0,",,",Garlic local,4138,4157,"3,838",4431,"5,972","7,294","10,336","12,247","12,947","12,848","14,461","15,357","9,002",,,,,,,,,,,,,,,,,,,,,,,,,,,,,,,,,,,,,,,,,,,,,,,,,,
,,,,,,,,,,,,,,,,,,,,,,,,,,,,,,,,71.0,",,",Garlic imported,6104,6809,"8,167",8897,"9,987","11,233","13,764","15,308","14,285","12,474","15,260","14,351","11,387",,,,,,,,,,,,,,,,,,,,,,,,,,,,,,,,,,,,,,,,,,,,,,,,,,
,,,,,,,,,,,,,,,,,,,,,,,,,,,,,,,,72.0,,Chilli dried,16010,15808,"15,453",15302,"15,590","15,501","15,953","16,458","16,765","17,241","19,198","20,618","16,658",,,,,,,,,,,,,,,,,,,,,,,,,,,,,,,,,,,,,,,,,,,,,,,,,,
,,,,,,,,,,,,,,,,,,,,,,,,,,,,,,,,73.0,",,",Green chilli,3371,3523,"3,953",3720,"4,190","5,079","8,278","6,037","4,436","5,267","4,082","3,467","4,617",,,,,,,,,,,,,,,,,,,,,,,,,,,,,,,,,,,,,,,,,,,,,,,,,,
,,,,,,,,,,,,,,,,,,,,,,,,,,,,,,,,74.0,",,",Ginger local,8585,8512,"8,942",9638,"11,310","14,369","16,235","16,990","16,082","14,949","14,116","12,186","12,660",,,,,,,,,,,,,,,,,,,,,,,,,,,,,,,,,,,,,,,,,,,,,,,,,,
,,,,,,,,,,,,,,,,,,,,,,,,,,,,,,,,75.0,",,",Ginger imported,8983,8460,"8,782",8990,"10,206","12,734","13,600","14,761","14,137","13,580","13,953","11,871","11,671",,,,,,,,,,,,,,,,,,,,,,,,,,,,,,,,,,,,,,,,,,,,,,,,,,
,,,,,,,,,,,,,,,,,,,,,,,,,,,,,,,,76.0,",,",Turmeric round,13004,12776,"12,622",12365,"12,279","12,317","12,401","12,325","12,601","13,071","13,062","13,285","12,676",,,,,,,,,,,,,,,,,,,,,,,,,,,,,,,,,,,,,,,,,,,,,,,,,,
,,,,,,,,,,,,,,,,,,,,,,,,,,,,,,,,77.0,",,",Turmeric long,12673,12569,"12,505",12335,"12,400","12,307","12,440","12,506","12,754","12,732","12,760","12,694","12,556",,,,,,,,,,,,,,,,,,,,,,,,,,,,,,,,,,,,,,,,,,,,,,,,,,
,,,,,,,,,,,,,,,,,,,,,,,,,,,,,,,,78.0,",,",Coriander old,9515,9651,"9,589",9304,"9,194","9,126","9,247","9,282","9,454","9,248","9,429","9,650","9,391",,,,,,,,,,,,,,,,,,,,,,,,,,,,,,,,,,,,,,,,,,,,,,,,,,
,,,,,,,,,,,,,,,,,,,,,,,,,,,,,,,,79.0,",,",Coriander new,7183,8653,"6,815",8131,"8,398","8,386","7,879","8,755","9,620","9,425","6,425","7,800","8,123",,,,,,,,,,,,,,,,,,,,,,,,,,,,,,,,,,,,,,,,,,,,,,,,,,
,,,,,,,,,,,,,,,,,,,,,,,,,,,,,,,,80.0,Jute,White/tosha top,"2,750","2,747","2,755","2,838","3,163","3,213","3,213","3,273","3,193","2,825","2,825","2,825","2,968",,,,,,,,,,,,,,,,,,,,,,,,,,,,,,,,,,,,,,,,,,,,,,,,,,
,,,,,,,,,,,,,,,,,,,,,,,,,,,,,,,,81.0,",,",Middle,"4,000","4,000","4,000","4,000","4,000","4,000",-,"4,104","4,374","4,438","4,438","4,438","4,163",,,,,,,,,,,,,,,,,,,,,,,,,,,,,,,,,,,,,,,,,,,,,,,,,,
,,,,,,,,,,,,,,,,,,,,,,,,,,,,,,,,82.0,",,",B-botom,"4,650","4,995","5,065","5,013","5,100","5,100","5,100","4,800","4,403","4,565","4,581","4,769","4,845",,,,,,,,,,,,,,,,,,,,,,,,,,,,,,,,,,,,,,,,,,,,,,,,,,
,,,,,,,,,,,,,,,,,,,,,,,,,,,,,,,,83.0,",,",C -bottom,"4,900","5,300","5,300","5,300","5,300","5,300","5,300","4,621","4,302","4,233","4,000","4,233","4,841",,,,,,,,,,,,,,,,,,,,,,,,,,,,,,,,,,,,,,,,,,,,,,,,,,
,,,,,,,,,,,,,,,,,,,,,,,,,,,,,,,,84.0,",,",Cross botom,"4,075","4,600","4,600",-,-,-,-,"4,100","4,056","3,900","3,900","3,900","4,141",,,,,,,,,,,,,,,,,,,,,,,,,,,,,,,,,,,,,,,,,,,,,,,,,,
,,,,,,,,,,,,,,,,,,,,,,,,,,,,,,,,85.0,",,",Smr,"4,050","4,050","4,050","4,600","4,600",-,-,-,-,-,-,-,"4,270",,,,,,,,,,,,,,,,,,,,,,,,,,,,,,,,,,,,,,,,,,,,,,,,,,
,,,,,,,,,,,,,,,,,,,,,,,,,,,,,,,,86.0,",,",Gor chhat,"4,317","4,395",-,"4,487","4,498","4,651","4,648","4,424","4,167","4,118","4,098","4,140","4,358",,,,,,,,,,,,,,,,,,,,,,,,,,,,,,,,,,,,,,,,,,,,,,,,,,
,,,,,,,,,,,,,,,,,,,,,,,,,,,,,,,,87.0,",,",Mesta gor chhat,"4,150","4,163","4,190","4,190","4,160","4,013","4,013","4,117","3,871","4,113","4,000","4,000","4,081",,,,,,,,,,,,,,,,,,,,,,,,,,,,,,,,,,,,,,,,,,,,,,,,,,
,,,,,,,,,,,,,,,,,,,,,,,,,,,,,,,,88.0,Cotton,Shimul,"35,161","35,150","35,161","34,961","34,828","34,972","34,972","34,972","34,972","34,083","34,343","34,083","34,805",,,,,,,,,,,,,,,,,,,,,,,,,,,,,,,,,,,,,,,,,,,,,,,,,,
,,,,,,,,,,,,,,,,,,,,,,,,,,,,,,,,89.0,",,",carpus,"14,150","14,150","14,150","14,150","14,150","14,150","14,150","14,150","14,150","14,150","14,150","14,150","14,150",,,,,,,,,,,,,,,,,,,,,,,,,,,,,,,,,,,,,,,,,,,,,,,,,,
,,,,,,,,,,,,,,,,,,,,,,,,,,,,,,,,90.0,Tobbaco,Jati heavy,"10,600","10,600","10,600","10,600","10,600","10,600","10,600","10,600","10,600","10,600","10,600","10,600","10,600",,,,,,,,,,,,,,,,,,,,,,,,,,,,,,,,,,,,,,,,,,,,,,,,,,
,,,,,,,,,,,,,,,,,,,,,,,,,,,,,,,,91.0,",,",Jati Medium,"8,500","8,500","8,500","8,500","8,500","8,500","8,500","8,500","8,500","8,500","8,500","8,500","8,500",,,,,,,,,,,,,,,,,,,,,,,,,,,,,,,,,,,,,,,,,,,,,,,,,,
,,,,,,,,,,,,,,,,,,,,,,,,,,,,,,,,92.0,",,",Jati general,"6,600","6,600","6,600","6,600","6,600","6,600","6,600","6,600","6,600","6,600","6,600","6,600","6,600",,,,,,,,,,,,,,,,,,,,,,,,,,,,,,,,,,,,,,,,,,,,,,,,,,
,,,,,,,,,,,,,,,,,,,,,,,,,,,,,,,,93.0,",,",Motihar heavy,"14,606","14,680","14,791","14,720","14,616","14,566","14,430","14,502","14,469","14,471","14,473","14,479","14,567",,,,,,,,,,,,,,,,,,,,,,,,,,,,,,,,,,,,,,,,,,,,,,,,,,
,,,,,,,,,,,,,,,,,,,,,,,,,,,,,,,,94.0,",,",Motihar medium,"10,750","10,794","10,839","10,870","10,827","10,822","10,800","10,806","10,806","10,800","10,803","10,803","10,810",,,,,,,,,,,,,,,,,,,,,,,,,,,,,,,,,,,,,,,,,,,,,,,,,,
,,,,,,,,,,,,,,,,,,,,,,,,,,,,,,,,95.0,",,",Moti general,"7,617","7,617","7,617","7,617","7,617","7,617","7,630","7,643","7,630","7,617","7,617","7,617","7,621",,,,,,,,,,,,,,,,,,,,,,,,,,,,,,,,,,,,,,,,,,,,,,,,,,
,,,,,,,,,,,,,,,,,,,,,,,,,,,,,,,,96.0,",,",Varginia(heat),-,-,-,-,-,-,-,-,-,-,-,-,-,,,,,,,,,,,,,,,,,,,,,,,,,,,,,,,,,,,,,,,,,,,,,,,,,,
,,,,,,,,,,,,,,,,,,,,,,,,,,,,,,,,97.0,",,",Bangla-1 (heat),-,-,-,-,-,-,-,-,-,-,-,-,-,,,,,,,,,,,,,,,,,,,,,,,,,,,,,,,,,,,,,,,,,,,,,,,,,,
,,,,,,,,,,,,,,,,,,,,,,,,,,,,,,,,98.0,",,","Bangle-2 ,,",-,-,-,-,-,-,-,-,-,-,-,-,-,,,,,,,,,,,,,,,,,,,,,,,,,,,,,,,,,,,,,,,,,,,,,,,,,,
,,,,,,,,,,,,,,,,,,,,,,,,,,,,,,,,99.0,",,","Bangle-3 ,,",-,-,-,-,-,-,-,-,-,-,-,-,-,,,,,,,,,,,,,,,,,,,,,,,,,,,,,,,,,,,,,,,,,,,,,,,,,,
,,,,,,,,,,,,,,,,,,,,,,,,,,,,,,,,100.0,",,","Bangle-4 ,,",-,-,-,-,-,-,-,-,-,-,-,-,-,,,,,,,,,,,,,,,,,,,,,,,,,,,,,,,,,,,,,,,,,,,,,,,,,,
,,,,,,,,,,,,,,,,,,,,,,,,,,,,,,,,101.0,",,","Bangla-5 ,,",-,-,-,-,-,-,-,-,-,-,-,-,-,,,,,,,,,,,,,,,,,,,,,,,,,,,,,,,,,,,,,,,,,,,,,,,,,,
,,,,,,,,,,,,,,,,,,,-,-,-,-,-,-,-,-,,,,,,,,,,,,,,,,,,,,,,103.0,",,","Bang;a-7 ,,",-,-,-,-,-,,,,,,,,,,,,,,,,,,,,,,,,,,,,,,,,,,,,,,,,,,
,,,,,,,,,,,,,,,,,,,-,-,-,-,-,-,-,-,,,,,,,,,,,,,,,,,,,,,,104.0,",,","Bang;a-8 ,,",-,-,-,-,-,,,,,,,,,,,,,,,,,,,,,,,,,,,,,,,,,,,,,,,,,,
,,,,,,,,,,,,,,,,,,,-,-,-,-,-,-,-,-,,,,,,,,,,,,,,,,,,,,,,105.0,",,",Varginia(air),-,-,-,-,-,,,,,,,,,,,,,,,,,,,,,,,,,,,,,,,,,,,,,,,,,,
,,,,,,,,,,,,,,,,,,,-,-,-,-,-,-,-,-,,,,,,,,,,,,,,,,,,,,,,106.0,",,",Dv- 1(air),-,-,-,-,-,,,,,,,,,,,,,,,,,,,,,,,,,,,,,,,,,,,,,,,,,,
,,,,,,,,,,,,,,,,,,,-,-,-,-,-,-,-,-,,,,,,,,,,,,,,,,,,,,,,107.0,",,","DV-2 ,,",-,-,-,-,-,,,,,,,,,,,,,,,,,,,,,,,,,,,,,,,,,,,,,,,,,,
,,,,,,,,,,,,,,,,,,,-,-,-,-,-,-,-,-,,,,,,,,,,,,,,,,,,,,,,108.0,",,","DV-3 ,,",-,-,-,-,-,,,,,,,,,,,,,,,,,,,,,,,,,,,,,,,,,,,,,,,,,,
,,,,,,,,,,,,,,,,,,,"41,121","41,370","41,159","41,007","39,574","38,179","37,933","31,493",,,,,,,,,,,,,,,,,,,,,,109.0,"Hide skin:
COW",Light,"27,181","24,090","24,039","23,854",,,,,,,,,,,,,,,,,,,,,,,,,,,,,,,,,,,,,,,,,,,
,,,,,,,,,,,,,,,,,,,,,,,,,,,,,,,,,,,,,,,,,,,,,,,,,,,,,,,"34,250",,,,,,,,,,,,,,,,,,,,,,,,,,,,,,,,,,,,,,,,,,
,,,,,,,,,,,,,,,,,,,,,,,,,,,,,,,,,,,,,,,,,,,,,,,,,,,,,,,,,,,,,,,,,,,,,,,,,,,,,,,,,,,,,,,,,,,,,,,,,
,,,,,,,,,,,,,,,,,,,"64,711","64,711","64,330","63,987","62,273","61,149","60,643","50,360",,,,,,,,,,,,,,,,,,,,,,110.0,",,",Medium,"43,620","37,426","37,088","36,921",,,,,,,,,,,,,,,,,,,,,,,,,,,,,,,,,,,,,,,,,,,
,,,,,,,,,,,,,,,,,,,,,,,,,,,,,,,,,,,,,,,,,,,,,,,,,,,,,,,"53,935",,,,,,,,,,,,,,,,,,,,,,,,,,,,,,,,,,,,,,,,,,
,,,,,,,,,,,,,,,,,,,,,,,,,,,,,,,,,,,,,,,,,,,,,,,,,,,,,,,,,,,,,,,,,,,,,,,,,,,,,,,,,,,,,,,,,,,,,,,,,
,,,,,,,,,,,,,,,,,,,"92,260","92,427","91,663","91,510","88,457","87,213","86,520","74,151",,,,,,,,,,,,,,,,,,,,,,111.0,",,",heavy,"64,831","57,605","57,054","56,654","78,362",,,,,,,,,,,,,,,,,,,,,,,,,,,,,,,,,,,,,,,,,,
,,,,,,,,,,,,,,,,,,,"18,500","18,500","18,500","18,457","18,307","22,386","22,286","25,143",,,,,,,,,,,,,,,,,,,,,,112.0,",,",katachera,"13,968","12,333","12,464","12,464","17,776",,,,,,,,,,,,,,,,,,,,,,,,,,,,,,,,,,,,,,,,,,
,,,,,,,,,,,,,,,,,,,"78,400","79,600","79,800","79,800","80,000","81,200","81,200","58,500",,,,,,,,,,,,,,,,,,,,,,113.0,"Hide skin
Bufello",heavy,"57,400","50,800","51,750","51,750",,,,,,,,,,,,,,,,,,,,,,,,,,,,,,,,,,,,,,,,,,,
,,,,,,,,,,,,,,,,,,,,,,,,,,,,,,,,,,,,,,,,,,,,,,,,,,,,,,,"69,183",,,,,,,,,,,,,,,,,,,,,,,,,,,,,,,,,,,,,,,,,,
,,,,,,,,,,,,,,,,,,,,,,,,,,,,,,,,,,,,,,,,,,,,,,,,,,,,,,,,,,,,,,,,,,,,,,,,,,,,,,,,,,,,,,,,,,,,,,,,,
,,,,,,,,,,,,,,,,,,,"52,875","53,625","53,625","53,625","53,625","53,375","53,375","47,500",,,,,,,,,,,,,,,,,,,,,,114.0,",,",medium,"42,500","39,125","39,563","39,563","48,531",,,,,,,,,,,,,,,,,,,,,,,,,,,,,,,,,,,,,,,,,,
,,,,,,,,,,,,,,,,,,,-,-,-,-,-,-,-,-,,,,,,,,,,,,,,,,,,,,,,115.0,",,",katachera,-,-,-,-,-,,,,,,,,,,,,,,,,,,,,,,,,,,,,,,,,,,,,,,,,,,
,,,,,,,,,,,,,,,,,,,"4,489","4,496","4,496","4,511","4,489","4,446","4,418","4,199",,,,,,,,,,,,,,,,,,,,,,116.0,Hide skin,Sheep,"3,572","3,696","3,432","3,432","4,140",,,,,,,,,,,,,,,,,,,,,,,,,,,,,,,,,,,,,,,,,,
,,,,,,,,,,,,,,,,,,,"6,310","6,331","6,348","6,360","6,285","6,238","6,243","5,550",,,,,,,,,,,,,,,,,,,,,,117.0,",,",Goat,"4,974",-,-,-,"6,071",,,,,,,,,,,,,,,,,,,,,,,,,,,,,,,,,,,,,,,,,,
,,,,,,,,,,,,,,,,,,,786,786,786,786,786,786,786,786,,,,,,,,,,,,,,,,,,,,,,118.0,"Chemical
fertilizer",Uria 50 kg,786,786,786,786,,,,,,,,,,,,,,,,,,,,,,,,,,,,,,,,,,,,,,,,,,,
,,,,,,,,,,,,,,,,,,,,,,,,,,,,,,,,,,,,,,,,,,,,,,,,,,,,,,,786,,,,,,,,,,,,,,,,,,,,,,,,,,,,,,,,,,,,,,,,,,
,,,,,,,,,,,,,,,,,,,,,,,,,,,,,,,,,,,,,,,,,,,,,,,,,,,,,,,,,,,,,,,,,,,,,,,,,,,,,,,,,,,,,,,,,,,,,,,,,
,,,,,,,,,,,,,,,,,,,"1,089","1,089","1,089","1,089","1,089","1,089","1,087","1,087",,,,,,,,,,,,,,,,,,,,,,119.0,",,","TSP ,,","1,087","1,091","1,091","1,092","1,089",,,,,,,,,,,,,,,,,,,,,,,,,,,,,,,,,,,,,,,,,,
,,,,,,,,,,,,,,,,,,,"1,235","1,235","1,235","1,235","1,235","1,235","1,235","1,235",,,,,,,,,,,,,,,,,,,,,,120.0,",,","DAP ,,","1,235","1,236","1,235","1,236","1,235",,,,,,,,,,,,,,,,,,,,,,,,,,,,,,,,,,,,,,,,,,
,,,,,,,,,,,,,,,,,,,732,732,732,732,732,732,732,732,,,,,,,,,,,,,,,,,,,,,,121.0,",,","MP ,,",732,732,732,732,732,,,,,,,,,,,,,,,,,,,,,,,,,,,,,,,,,,,,,,,,,,
,,,,,,,,,,,,,,,,,,,"3,088","3,088","3,088","3,088","3,088","3,088","3,088","3,088",,,,,,,,,,,,,,,,,,,,,,122.0,",,",Zinc LOCAL,"3,088","3,088","3,088","3,088","3,088",,,,,,,,,,,,,,,,,,,,,,,,,,,,,,,,,,,,,,,,,,
,,,,,,,,,,,,,,,,,,,"3,671","3,671","3,671","3,671","3,671","3,668","3,668","3,668",,,,,,,,,,,,,,,,,,,,,,123.0,",,",Zinc foreign,"3,668","3,664","3,667","3,667","3,668",,,,,,,,,,,,,,,,,,,,,,,,,,,,,,,,,,,,,,,,,,
,,,,,,,,,,,,,,,,,,,159,159,159,159,159,159,159,159,,,,,,,,,,,,,,,,,,,,,,124.0,",,",Zipsum,159,159,159,162,159,,,,,,,,,,,,,,,,,,,,,,,,,,,,,,,,,,,,,,,,,,
,,,,,,,,,,,,,,,,,,,117,117,117,117,117,117,117,117,,,,,,,,,,,,,,,,,,,,,,125.0,"Organic
fertilizer",Cowdung,117,117,117,117,,,,,,,,,,,,,,,,,,,,,,,,,,,,,,,,,,,,,,,,,,,
,,,,,,,,,,,,,,,,,,,,,,,,,,,,,,,,,,,,,,,,,,,,,,,,,,,,,,,117,,,,,,,,,,,,,,,,,,,,,,,,,,,,,,,,,,,,,,,,,,
,,,,,,,,,,,,,,,,,,,,,,,,,,,,,,,,,,,,,,,,,,,,,,,,,,,,,,,,,,,,,,,,,,,,,,,,,,,,,,,,,,,,,,,,,,,,,,,,,
,,,,,,,,,,,,,,,,,,,"55,000","55,000","55,000","55,000","55,000","55,000","55,000","55,000",,,,,,,,,,,,,,,,,,,,,,126.0,Powder milk,Bag,"55,000","55,000","55,000","55,000","55,000",,,,,,,,,,,,,,,,,,,,,,,,,,,,,,,,,,,,,,,,,,
,,,,,,,,,,,,,,,,,,,"5,157","5,148","5,146","5,144","5,196","5,201","5,183","5,225",,,,,,,,,,,,,,,,,,,,,,127.0,Cow Milk,liquid,"5,233",-,-,-,"5,181",,,,,,,,,,,,,,,,,,,,,,,,,,,,,,,,,,,,,,,,,,
,,,,,,,,,,,,,,,,,,,-,-,-,-,-,-,-,"8,500",,,,,,,,,,,,,,,,,,,,,,128.0,",,",milkvita,"8,500",-,-,-,"8,500",,,,,,,,,,,,,,,,,,,,,,,,,,,,,,,,,,,,,,,,,,
,,,,,,,,,,,,,,,,,,,"79,473","79,473","79,473","78,140","78,420","78,700","78,700","80,440",,,,,,,,,,,,,,,,,,,,,,129.0,Gawa ghee,-,"80,440","80,720","80,550","80,550","79,590",,,,,,,,,,,,,,,,,,,,,,,,,,,,,,,,,,,,,,,,,,
,,,,,,,,,,,,,,,,,,,"6,519","6,519","6,519","6,519","6,499","6,474","6,485","6,506",,,,,,,,,,,,,,,,,,,,,,130.0,Dano,--,"6,506","6,569","6,569","6,569","6,521",,,,,,,,,,,,,,,,,,,,,,,,,,,,,,,,,,,,,,,,,,
,,,,,,,,,,,,,,,,,,,"6,455","6,455","6,455","6,455","6,350","6,175","6,175","6,088",,,,,,,,,,,,,,,,,,,,,,131.0,Red cow,-,"6,088","6,350","6,175","6,175","6,283",,,,,,,,,,,,,,,,,,,,,,,,,,,,,,,,,,,,,,,,,,
,,,,,,,,,,,,,,,,,,,"5,940","5,940","5,940","5,940","5,925","5,900","5,925","5,925",,,,,,,,,,,,,,,,,,,,,,132.0,Anchor,-,"5,925","6,000","6,000","6,000","5,947",,,,,,,,,,,,,,,,,,,,,,,,,,,,,,,,,,,,,,,,,,
,,,,,,,,,,,,,,,,,,,"2,193","2,192","2,190","2,188","2,194","2,193","2,194","2,194",,,,,,,,,,,,,,,,,,,,,,133.0,Condensed,One kartoon,"2,193","2,184","2,184","2,184","2,190",,,,,,,,,,,,,,,,,,,,,,,,,,,,,,,,,,,,,,,,,,
,,"Local
large(900gm+)",,"31,896","33,329","35,549","38,925","38,783","37,246","35,230","33,408","33,324","33,568","33,539",,,,,,,,,,,,,,,,,,,,,,,,,,,,,,,,,,,,,,,,,,134.0,"Hen/chicken
-Live","31,130",,,,,,,,,,,,,,,,,,,,,,,,,,,,,,,,,,,,,,,
,,,,,,,,,,,,,,,"34,661",,,,,,,,,,,,,,,,,,,,,,,,,,,,,,,,,,,,,,,,,,,,,,,,,,,,,,,,,,,,,,,,,,,,,,,,,,,,,,,,,,
,,,,,,,,,,,,,,,,,,,,,,,,,,,,,,,,,,,,,,,,,,,,,,,,,,,,,,,,,,,,,,,,,,,,,,,,,,,,,,,,,,,,,,,,,,,,,,,,,
,,",,
medium(700gm+)",,"32,630","34,710","36,710","39,912","39,805","38,001","36,292","34,410","33,655","33,614","33,293",,,,,,,,,,,,,,,,,,,,,,,,,,,,,,,,,,,,,,,,,,135.0,",,","32,239",,,,,,,,,,,,,,,,,,,,,,,,,,,,,,,,,,,,,,,
,,,,,,,,,,,,,,,"35,439",,,,,,,,,,,,,,,,,,,,,,,,,,,,,,,,,,,,,,,,,,,,,,,,,,,,,,,,,,,,,,,,,,,,,,,,,,,,,,,,,,
,,,,,,,,,,,,,,,,,,,,,,,,,,,,,,,,,,,,,,,,,,,,,,,,,,,,,,,,,,,,,,,,,,,,,,,,,,,,,,,,,,,,,,,,,,,,,,,,,
,,",, small(500gm+)",,"32,481","34,523","36,136","39,156","38,908","36,142","34,212","32,842","32,787","33,512","33,420","34,673",,,,,,,,,,,,,,,,,,,,,,,,,,,,,,,,,,,,,,,,,136.0,",,","31,956",,,,,,,,,,,,,,,,,,,,,,,,,,,,,,,,,,,,,,,
,,Farm broiler,,"12,540","13,438","13,765","12,792","12,174","11,371","10,573","11,092","11,465","10,785","10,467","11,814",,,,,,,,,,,,,,,,,,,,,,,,,,,,,,,,,,,,,,,,,137.0,",,","11,312",,,,,,,,,,,,,,,,,,,,,,,,,,,,,,,,,,,,,,,
,,Duck,,"25,963","29,110","27,159","30,098","30,591","29,438","27,674","25,321","23,103","23,568","27,292","27,129",,,,,,,,,,,,,,,,,,,,,,,,,,,,,,,,,,,,,,,,,138.0,",,","26,231",,,,,,,,,,,,,,,,,,,,,,,,,,,,,,,,,,,,,,,
,,Cow,,"44,193","45,808","47,186","48,237","48,808","48,811","49,494","49,625","49,740","49,762","49,401","47,799",,,,,,,,,,,,,,,,,,,,,,,,,,,,,,,,,,,,,,,,,139.0,Meat,"42,528",,,,,,,,,,,,,,,,,,,,,,,,,,,,,,,,,,,,,,,
,,Goat,,"65,966","66,388","68,056","68,140","67,327","67,360","68,694","69,014","68,909","68,909","68,909","67,772",,,,,,,,,,,,,,,,,,,,,,,,,,,,,,,,,,,,,,,,,140.0,",,","65,591",,,,,,,,,,,,,,,,,,,,,,,,,,,,,,,,,,,,,,,
,,Chicken local,,"1,023","1,076","1,086","1,059","1,064","1,081","1,091","1,089","1,086","1,097","1,084","1,072",,,,,,,,,,,,,,,,,,,,,,,,,,,,,,,,,,,,,,,,,141.0,Egg,"1,029",,,,,,,,,,,,,,,,,,,,,,,,,,,,,,,,,,,,,,,
,,Farm red,,751,787,777,696,754,836,828,781,832,763,732,773,,,,,,,,,,,,,,,,,,,,,,,,,,,,,,,,,,,,,,,,,142.0,",,",742,,,,,,,,,,,,,,,,,,,,,,,,,,,,,,,,,,,,,,,
,,Farm white,,-,-,-,-,-,-,-,-,-,-,-,-,,,,,,,,,,,,,,,,,,,,,,,,,,,,,,,,,,,,,,,,,143.0,",,",-,,,,,,,,,,,,,,,,,,,,,,,,,,,,,,,,,,,,,,,
,,duck,,"1,017","1,049","1,064",941,941,995,"1,084",988,"1,022","1,019","1,020","1,011",,,,,,,,,,,,,,,,,,,,,,,,,,,,,,,,,,,,,,,,,144.0,",,",995,,,,,,,,,,,,,,,,,,,,,,,,,,,,,,,,,,,,,,,
,,"Rui local
big(5+kg)",,"31,050","33,925","31,806","31,135","33,460","33,003","34,781","36,167","37,667","36,200","36,625",,,,,,,,,,,,,,,,,,,,,,,,,,,,,,,,,,,,,,,,,,145.0,"Fish
(Ka):Fresh","31,050",,,,,,,,,,,,,,,,,,,,,,,,,,,,,,,,,,,,,,,
,,,,,,,,,,,,,,,"33,906",,,,,,,,,,,,,,,,,,,,,,,,,,,,,,,,,,,,,,,,,,,,,,,,,,,,,,,,,,,,,,,,,,,,,,,,,,,,,,,,,,
,,,,,,,,,,,,,,,,,,,,,,,,,,,,,,,,,,,,,,,,,,,,,,,,,,,,,,,,,,,,,,,,,,,,,,,,,,,,,,,,,,,,,,,,,,,,,,,,,
,,"Rui local
(2.5+kg)medium",,"28,767","29,402","29,653","30,535","31,103","30,840","30,756","30,192","30,180","29,761","29,948",,,,,,,,,,,,,,,,,,,,,,,,,,,,,,,,,,,,,,,,,,146.0,",,","28,754",,,,,,,,,,,,,,,,,,,,,,,,,,,,,,,,,,,,,,,
,,,,,,,,,,,,,,,"29,991",,,,,,,,,,,,,,,,,,,,,,,,,,,,,,,,,,,,,,,,,,,,,,,,,,,,,,,,,,,,,,,,,,,,,,,,,,,,,,,,,,
,,,,,,,,,,,,,,,,,,,,,,,,,,,,,,,,,,,,,,,,,,,,,,,,,,,,,,,,,,,,,,,,,,,,,,,,,,,,,,,,,,,,,,,,,,,,,,,,,
,,"Rui local small
(1.5+kg)",,"23,691","24,789","25,307","25,040","26,377","26,444","26,359","25,820","25,613","25,519","25,432",,,,,,,,,,,,,,,,,,,,,,,,,,,,,,,,,,,,,,,,,,147.0,",,","22,954",,,,,,,,,,,,,,,,,,,,,,,,,,,,,,,,,,,,,,,
,,,,,,,,,,,,,,,"25,279",,,,,,,,,,,,,,,,,,,,,,,,,,,,,,,,,,,,,,,,,,,,,,,,,,,,,,,,,,,,,,,,,,,,,,,,,,,,,,,,,,
,,,,,,,,,,,,,,,,,,,,,,,,,,,,,,,,,,,,,,,,,,,,,,,,,,,,,,,,,,,,,,,,,,,,,,,,,,,,,,,,,,,,,,,,,,,,,,,,,
,,"Imported
medium(2.5+kg)",,"22,980","23,740","23,650","24,413","23,532","24,275","24,016","23,158","24,111","24,388","24,339",,,,,,,,,,,,,,,,,,,,,,,,,,,,,,,,,,,,,,,,,,148.0,",,","22,312",,,,,,,,,,,,,,,,,,,,,,,,,,,,,,,,,,,,,,,
,,,,,,,,,,,,,,,"23,743",,,,,,,,,,,,,,,,,,,,,,,,,,,,,,,,,,,,,,,,,,,,,,,,,,,,,,,,,,,,,,,,,,,,,,,,,,,,,,,,,,
,,,,,,,,,,,,,,,,,,,,,,,,,,,,,,,,,,,,,,,,,,,,,,,,,,,,,,,,,,,,,,,,,,,,,,,,,,,,,,,,,,,,,,,,,,,,,,,,,
,,Imported small,,"19,496","20,109","21,278",-,"21,007","21,474","20,860","20,338","20,873","20,239","20,898",-,,,,,,,,,,,,,,,,,,,,,,,,,,,,,,,,,,,,,,,,,149.0,",,","19,667",,,,,,,,,,,,,,,,,,,,,,,,,,,,,,,,,,,,,,,
,,Katal large,,"35,000","34,500","33,042","34,100","27,604","30,239","30,175","31,396","32,940","31,854","33,350","32,433",,,,,,,,,,,,,,,,,,,,,,,,,,,,,,,,,,,,,,,,,150.0,",,","35,000",,,,,,,,,,,,,,,,,,,,,,,,,,,,,,,,,,,,,,,
,,medium,,"28,271","28,026","28,659","29,268","30,035","29,789","29,774","29,493","29,170","29,056","29,125","29,086",,,,,,,,,,,,,,,,,,,,,,,,,,,,,,,,,,,,,,,,,151.0,",,","28,365",,,,,,,,,,,,,,,,,,,,,,,,,,,,,,,,,,,,,,,
,,small,,"21,655","22,132","22,806","23,439","23,398","23,354","23,666","23,075","23,089","22,989","22,915","22,837",,,,,,,,,,,,,,,,,,,,,,,,,,,,,,,,,,,,,,,,,152.0,",,","21,525",,,,,,,,,,,,,,,,,,,,,,,,,,,,,,,,,,,,,,,
,,Mrigel large,,"19,541","20,095","20,567","20,500","19,921","21,343","21,059","20,264","20,394","20,772","20,755",,,,,,,,,,,,,,,,,,,,,,,,,,,,,,,,,,,,,,,,,,153.0,"Fish
(Ka):Live","18,718",,,,,,,,,,,,,,,,,,,,,,,,,,,,,,,,,,,,,,,
,,,,,,,,,,,,,,,"20,327",,,,,,,,,,,,,,,,,,,,,,,,,,,,,,,,,,,,,,,,,,,,,,,,,,,,,,,,,,,,,,,,,,,,,,,,,,,,,,,,,,
,,,,,,,,,,,,,,,,,,,,,,,,,,,,,,,,,,,,,,,,,,,,,,,,,,,,,,,,,,,,,,,,,,,,,,,,,,,,,,,,,,,,,,,,,,,,,,,,,
,,",, small",,"14,339","14,719","14,911","15,454","15,569","15,717","15,450","15,164","15,665","15,406","15,843","15,175",,,,,,,,,,,,,,,,,,,,,,,,,,,,,,,,,,,,,,,,,154.0,",,","13,860",,,,,,,,,,,,,,,,,,,,,,,,,,,,,,,,,,,,,,,
,,Airr large,,"51,542","57,444","55,500","57,667","55,917","57,583","75,000","54,111","50,333","53,417","46,750","56,369",,,,,,,,,,,,,,,,,,,,,,,,,,,,,,,,,,,,,,,,,155.0,",,","61,167",,,,,,,,,,,,,,,,,,,,,,,,,,,,,,,,,,,,,,,
,,",, small",,"41,625","42,889","41,625","44,520","45,250","47,600","47,550","45,278","36,438","42,964","41,031","43,296",,,,,,,,,,,,,,,,,,,,,,,,,,,,,,,,,,,,,,,,,156.0,",,","42,780",,,,,,,,,,,,,,,,,,,,,,,,,,,,,,,,,,,,,,,
,,Boal large,,"60,625","62,188","64,550","63,460","62,250","60,200","59,100","59,517","59,400","60,600","58,600","60,676",,,,,,,,,,,,,,,,,,,,,,,,,,,,,,,,,,,,,,,,,157.0,",,","57,625",,,,,,,,,,,,,,,,,,,,,,,,,,,,,,,,,,,,,,,
,,",, Small",,"35,637","36,548","36,667","38,142","40,500","41,056","42,143","41,346","39,984","38,407","38,938","38,703",,,,,,,,,,,,,,,,,,,,,,,,,,,,,,,,,,,,,,,,,158.0,",,","35,071",,,,,,,,,,,,,,,,,,,,,,,,,,,,,,,,,,,,,,,
,,Chital large,,"77,500","85,000","85,000","85,000","85,000","85,000","85,000","85,000","85,000","85,000","85,000","81,667",,,,,,,,,,,,,,,,,,,,,,,,,,,,,,,,,,,,,,,,,159.0,",,","52,500",,,,,,,,,,,,,,,,,,,,,,,,,,,,,,,,,,,,,,,
,,Chital small,,"42,500","36,250","42,500","43,125","45,000","45,000","45,000","45,000","45,000","31,750","31,750","40,969",,,,,,,,,,,,,,,,,,,,,,,,,,,,,,,,,,,,,,,,,160.0,",,","38,750",,,,,,,,,,,,,,,,,,,,,,,,,,,,,,,,,,,,,,,
,,Pangush larges,,"10,851","11,608","12,181","12,763","12,628","12,274","11,958","11,889","12,197","12,092","11,851","11,893",,,,,,,,,,,,,,,,,,,,,,,,,,,,,,,,,,,,,,,,,161.0,",,","10,423",,,,,,,,,,,,,,,,,,,,,,,,,,,,,,,,,,,,,,,
,,",, small",,"9,178","9,634","10,035","10,393","10,392","10,282","10,167","9,990","10,136","10,019","9,947","9,919",,,,,,,,,,,,,,,,,,,,,,,,,,,,,,,,,,,,,,,,,162.0,",,","8,852",,,,,,,,,,,,,,,,,,,,,,,,,,,,,,,,,,,,,,,
,,,,,,,,,,,,,,,,,,,,,,,,,,,,,,,,,,,,,,,,,,,,,,,,,",,",,,,,,,,,,164.0,Prawn bagda,"57,150","59,088","64,641","64,109","64,364","63,016","64,525","60,382","61,167","59,950","59,091","59,925","61,451",,,,,,,,,,,,,,,,,,,,,,,,
,,,,,,,,,,,,,,,,,,,,,,,,,,,,,,,,,,,,,,,,,,,,,,,,,",,",,,,,,,,,,165.0,golda,"54,914","56,917","58,511","58,799","58,163","54,175","57,525","60,016","60,235","60,343","61,267","60,525","58,449",,,,,,,,,,,,,,,,,,,,,,,,
,,,,,,,,,,,,,,,,,,,,,,,,,,,,,,,,,,,,,,,,,,,,,,,,,",,",,,,,,,,,,166.0,small,"33,843","33,804","36,083","36,798","35,888","36,720","40,550","39,904","38,149","37,223","38,750","37,643","37,113",,,,,,,,,,,,,,,,,,,,,,,,
,,,,,,,,,,,,,,,,,,,,,,,,,,,,,,,,,,,,,,,,,,,,,,,,,",,",,,,,,,,,,167.0,Koii,"16,685","15,051","16,365","16,097","17,208","17,408","17,829","18,158","18,146","16,804","16,939","16,855","16,962",,,,,,,,,,,,,,,,,,,,,,,,
,,,,,,,,,,,,,,,,,,,,,,,,,,,,,,,,,,,,,,,,,,,,,,,,,",,",,,,,,,,,,168.0,Magur,"56,748","55,688","58,924","61,318","61,261","61,250","62,125","63,773","63,780","63,455","63,318","60,932","61,048",,,,,,,,,,,,,,,,,,,,,,,,
,,,,,,,,,,,,,,,,,,,,,,,,,,,,,,,,,,,,,,,,,,,,,,,,,",,",,,,,,,,,,169.0,Shing,"44,093","46,013","47,842","46,784","47,938","46,958","48,760","48,408","46,255","45,938","45,414","44,102","46,542",,,,,,,,,,,,,,,,,,,,,,,,
,,,,,,,,,,,,,,,,,,,,,,,,,,,,,,,,,,,,,,,,,,,,,,,,,",,",,,,,,,,,,170.0,Silvar curp,"11,855","12,072","12,458","13,101","13,465","13,547","13,535","13,436","13,313","13,313","13,159","13,070","13,027",,,,,,,,,,,,,,,,,,,,,,,,
,,,,,,,,,,,,,,,,,,,,,,,,,,,,,,,,,,,,,,,,,,,,,,,,,",,",,,,,,,,,,171.0,Grass curp,"14,043","14,255","15,167","15,588","16,096","16,134","16,226","16,249","16,154","16,006","15,928","15,542","15,616",,,,,,,,,,,,,,,,,,,,,,,,
,,,,,,,,,,,,,,,,,,,,,,,,,,,,,,,,,,,,,,,,,,,,,,,,,",,",,,,,,,,,,172.0,Telapia,"11,357","11,509","11,964","12,275","12,737","12,809","12,819","12,750","12,642","12,587","12,550","12,295","12,358",,,,,,,,,,,,,,,,,,,,,,,,
,,,,,,,,,,,,,,,,,,,,,,,,,,,,,,,,,,,,,,,,,,,,,,,,,",,",,,,,,,,,,173.0,Rupchada,"71,111","59,167","63,375","55,500","61,008","63,756","63,750","63,750","63,750","63,750","63,750","80,000","64,389",,,,,,,,,,,,,,,,,,,,,,,,
,,,,,,,,,,,,,,,,,,,,,,,,,,,,,,,,,,,,,,,,,,,,,,,,,"Fish
(Kha)Dry",,,,,,,,,,174.0,Rupchada,"156,667","133,750","172,500","171,667","215,000","215,000",-,"168,333","215,000","168,333","168,333","215,000",,,,,,,,,,,,,,,,,,,,,,,,,
,,,,,,,,,,,,,,,,,,,,,,,,,,,,,,,,,,,,,,,,,,,,,,,,,,,,,,,,,,,,,,,,,,,,,,,,,"181,780",,,,,,,,,,,,,,,,,,,,,,,,
,,,,,,,,,,,,,,,,,,,,,,,,,,,,,,,,,,,,,,,,,,,,,,,,,,,,,,,,,,,,,,,,,,,,,,,,,,,,,,,,,,,,,,,,,,,,,,,,,
,,,,,,,,,,,,,,,,,,,,,,,,,,,,,,,,,,,,,,,,,,,,,,,,,",,",,,,,,,,,,175.0,Loitta,"44,273","42,648","42,187","43,683","44,787","45,981","45,843","45,286","45,117","47,691","48,158","47,673","45,277",,,,,,,,,,,,,,,,,,,,,,,,
,,,,,,,,,,,,,,,,,,,,,,,,,,,,,,,,,,,,,,,,,,,,,,,,,",,",,,,,,,,,,176.0,Puti,"35,683","36,100","24,542","35,825","35,400","37,250","37,625","37,500","36,375","34,475","36,458","38,375","35,467",,,,,,,,,,,,,,,,,,,,,,,,
,,,,,,,,,,,,,,,,,,,,,,,,,,,,,,,,,,,,,,,,,,,,,,,,,",,",,,,,,,,,,177.0,Prawn,"60,563","57,906","58,333","55,594","67,275","67,500","60,938","69,339","78,889","72,006","74,813","74,281","66,453",,,,,,,,,,,,,,,,,,,,,,,,
,,,,,,,,,,,,,,,,,,,,,,,,,,,,,,,,,,,,,,,,,,,,,,,,,“,,,,,,,,,,178.0,Kachki,"43,443","43,288","43,550","58,642","43,192","43,850","43,977","44,167","43,304","44,638","45,333","45,500","45,240",,,,,,,,,,,,,,,,,,,,,,,,
,,,,,,,,,,,,,,,,,,,,,,,,,,,,,,,,,,,,,,,,,,,,,,,,,,,,,,,,,,,179.0,Salted Hilsha,"60,000","60,000","56,667","43,333","53,292","48,167","56,600","50,333","60,000","49,500","72,500","72,500","56,908",,,,,,,,,,,,,,,,,,,,,,,,
,,,,,,,,,,,,,,,,,,,,,,,,,,,,,,,,,,,,,,,,,,,,,,,,,Betel nut,,,,,,,,,,180.0,-,"29,548","30,343","30,475","30,354","30,318","30,420","30,876","30,345","31,146","30,852","31,082","30,932","30,558",,,,,,,,,,,,,,,,,,,,,,,,
,,,,,,,,,,,,,,,,,,,,,,,,,,,,,,,,,,,,,,,,,,,,,,,,,"Betel leaves
bangla",,,,,,,,,,181.0,Large,"9,265","10,828","11,743","11,234","9,327","8,599","7,700","7,974","8,268","8,907","8,928","9,048",,,,,,,,,,,,,,,,,,,,,,,,,
,,,,,,,,,,,,,,,,,,,,,,,,,,,,,,,,,,,,,,,,,,,,,,,,,,,,,,,,,,,,,,,,,,,,,,,,,"9,318",,,,,,,,,,,,,,,,,,,,,,,,
,,,,,,,,,,,,,,,,,,,,,,,,,,,,,,,,,,,,,,,,,,,,,,,,,,,,,,,,,,,,,,,,,,,,,,,,,,,,,,,,,,,,,,,,,,,,,,,,,
,,,,,,,,,,,,,,,,,,,,,,,,,,,,,,,,,,,,,,,,,,,,,,,,,",,",,,,,,,,,,182.0,Medium,"7,054","8,286","7,670","7,889","6,730","5,816","5,339","5,287","5,482","5,810","6,093","6,213","6,472",,,,,,,,,,,,,,,,,,,,,,,,
,,,,,,,,,,,,,,,,,,,,,,,,,,,,,,,,,,,,,,,,,,,,,,,,,",,",,,,,,,,,,183.0,Small,"3,847","4,561","4,530","4,395","3,516","3,112","2,822","2,955","2,984","3,081","3,265","3,344","3,534",,,,,,,,,,,,,,,,,,,,,,,,
,,,,,,,,,,,,,,,,,,,,,,,,,,,,,,,,,,,,,,,,,,,,,,,,,",,",,,,,,,,,,184.0,Sanchi,"2,578","3,380","3,165","2,619","4,479","2,069","1,998","2,006","2,003","2,133","1,878","2,106","2,534",,,,,,,,,,,,,,,,,,,,,,,,
,,,,,,,,,,,,,,,,,,,,,,,,,,,,,,,,,,,,,,,,,,,,,,,,,Fruits:,,,,,,,,,,185.0,Mango Guti,-,-,-,-,"3,978","3,414","4,668",-,-,-,-,-,"4,020",,,,,,,,,,,,,,,,,,,,,,,,
,,,,,,,,,,,,,,,,,,,,,,,,,,,,,,,,,,,,,,,,,,,,,,,,,,,,,,,,,,,186.0,Gopalbhog,-,-,-,-,"5,965","4,928","5,960",-,-,-,-,-,"5,618",,,,,,,,,,,,,,,,,,,,,,,,
,,,,,,,,,,,,,,,,,,,,,,,,,,,,,,,,,,,,,,,,,,,,,,,,,,,,,,,,,,,187.0,Himsagor,-,-,-,-,"5,842","5,113","6,666","7,900",-,-,-,-,"6,380",,,,,,,,,,,,,,,,,,,,,,,,
,,,,,,,,,,,,,,,,,,,,,,,,,,,,,,,,,,,,,,,,,,,,,,,,,,,,,,,,,,,188.0,Langra,-,-,-,-,"5,696","5,128","6,282","10,250",-,-,-,-,"6,839",,,,,,,,,,,,,,,,,,,,,,,,
,,,,,,,,,,,,,,,,,,,,,,,,,,,,,,,,,,,,,,,,,,,,,,,,,,,,,,,,,,,189.0,Fazli,-,-,-,-,-,"4,757","6,501","7,983","9,833",-,-,-,"7,269",,,,,,,,,,,,,,,,,,,,,,,,
,,,,,,,,,,,,,,,,,,,,,,,,,,,,,,,,,,,,,,,,,,,,,,,,,,,,,,,,,,,190.0,Aswini,-,-,-,-,-,"3,175","5,002","7,008","10,503",-,-,-,"6,422",,,,,,,,,,,,,,,,,,,,,,,,
,,,,,,,,,,,,,,,,,,,,,,,,,,,,,,,,,,,,,,,,,,,,,,,,,Jackfruits,,,,,,,,,,191.0,Large(4+kg),-,-,-,-,"14,839","8,471","7,727","12,773","10,500",-,-,-,"10,862",,,,,,,,,,,,,,,,,,,,,,,,
,,,,,,,,,,,,,,,,,,,,,,,,,,,,,,,,,,,,,,,,,,,,,,,,,,,,,,,,,,,192.0,Small,-,-,-,-,"7,447","4,150","4,253","5,833","9,000",-,-,-,"6,137",,,,,,,,,,,,,,,,,,,,,,,,
,,,,,,,,,,,,,,,,,,,,,,,,,,,,,,,,,,,,,,,,,,,,,,,,,Fruits,,,,,,,,,,193.0,Green Coconut,"2,748","2,754","2,835","2,939","3,138","3,237","3,208","3,275","3,353","3,358","3,323","3,268","3,120",,,,,,,,,,,,,,,,,,,,,,,,
,,,,,,,,,,,,,,,,,,,,,,,,,,,,,,,,,,,,,,,,,,,,,,,,,,,,,,,,,,,194.0,Batabi lebu,"1,325","1,400","1,483","1,450","2,283","1,725","2,067","1,876","1,930","2,064","2,381","2,293","1,856",,,,,,,,,,,,,,,,,,,,,,,,
,,,,,,,,,,,,,,,,,,,,,,,,,,,,,,,,,,,,,,,,,,,,,,,,,,,,,,,,,,,195.0,Elachi lebu,305,341,362,375,402,329,291,290,306,332,331,339,334,,,,,,,,,,,,,,,,,,,,,,,,
,,,,,,,,,,,,,,,,,,,,,,,,,,,,,,,,,,,,,,,,,,,,,,,,,,,,,,,,,,,196.0,Kagozi lebu,298,344,359,374,351,317,270,267,293,320,318,312,319,,,,,,,,,,,,,,,,,,,,,,,,
,,,,,,,,,,,,,,,,,,,,,,,,,,,,,,,,,,,,,,,,,,,,,,,,,",,",,,,,,,,,,197.0,Guava,"6,471","5,925","5,544","5,324","5,902","5,202","3,900","3,482","3,810","4,244","5,125","5,139","5,006",,,,,,,,,,,,,,,,,,,,,,,,
,,,,,,,,,,,,,,,,,,,"1,301","1,263","1,551","1,520","1,379","1,390",,,,,,,,,,,,,,,,,,,,,,,,,",,",,,,,,,,,,,,,,,,,,,,,,,,,199.0,Orange,"1,400","1,383","1,450","1,476","1,340","1,339","1,399",,,,,,,,,,,,,,,
,,,,,,,,,,,,,,,,,,,"13,346","13,174","13,285","13,772","15,110","16,260",,,,,,,,,,,,,,,,,,,,,,,,,",,",,,,,,,,,,,,,,,,,,,,,,,,,200.0,Apple,"16,181","16,093","14,943","13,306","12,552","12,390","14,201",,,,,,,,,,,,,,,
,,,,,,,,,,,,,,,,,,,"5,634","5,095","5,229","5,862",-,-,,,,,,,,,,,,,,,,,,,,,,,,,",,",,,,,,,,,,,,,,,,,,,,,,,,,201.0,Boroi,-,-,-,-,-,-,"5,455",,,,,,,,,,,,,,,
,,,,,,,,,,,,,,,,,,,-,-,"10,620","9,867","12,555","13,198",,,,,,,,,,,,,,,,,,,,,,,,,",,",,,,,,,,,,,,,,,,,,,,,,,,,202.0,Water melon,"8,438",-,-,-,-,-,"10,936",,,,,,,,,,,,,,,
,,,,,,,,,,,,,,,,,,,-,-,"4,500","4,249","4,352","2,520",,,,,,,,,,,,,,,,,,,,,,,,,Fruit:,,,,,,,,,,,,,,,,,,,,,,,,,203.0,Melon (Bangi),-,-,-,-,-,-,"3,905",,,,,,,,,,,,,,,
,,,,,,,,,,,,,,,,,,,"6,032","6,359","6,269","5,892","6,217","6,550",,,,,,,,,,,,,,,,,,,,,,,,,",,",,,,,,,,,,,,,,,,,,,,,,,,,204.0,Ripe Papaya,"6,463","6,822","6,827","6,031","5,606","5,535","6,217",,,,,,,,,,,,,,,
,,,,,,,,,,,,,,,,,,,-,-,-,-,"5,445","2,985",,,,,,,,,,,,,,,,,,,,,,,,,",,",,,,,,,,,,,,,,,,,,,,,,,,,205.0,Lychee,-,-,-,-,-,-,"4,215",,,,,,,,,,,,,,,
,,,,,,,,,,,,,,,,,,,223,227,230,237,248,271,,,,,,,,,,,,,,,,,,,,,,,,,",,",,,,,,,,,,,,,,,,,,,,,,,,,206.0,Banana: Chapa,237,221,228,232,233,235,235,,,,,,,,,,,,,,,
,,,,,,,,,,,,,,,,,,,376,383,380,391,438,426,,,,,,,,,,,,,,,,,,,,,,,,,",,",,,,,,,,,,,,,,,,,,,,,,,,,207.0,Sabri,409,400,396,469,436,398,409,,,,,,,,,,,,,,,
,,,,,,,,,,,,,,,,,,,303,307,310,314,393,355,,,,,,,,,,,,,,,,,,,,,,,,,",,",,,,,,,,,,,,,,,,,,,,,,,,,208.0,Banana: Sagar,343,336,327,321,324,326,330,,,,,,,,,,,,,,,
,,,,,,,,,,,,,,,,,,,"2,933","3,275",-,-,"2,375","2,601",,,,,,,,,,,,,,,,,,,,,,,,,",,",,,,,,,,,,,,,,,,,,,,,,,,,209.0,"Paineapple:Cale
nder","3,132","3,209","3,373","3,651","3,475","3,438",,,,,,,,,,,,,,,,
,,,,,,,,,,,,,,,,,,,,,,,,,,,,,,,,,,,,,,,,,,,,,,,,,,,,,,,,,,,,,,,,,,,,,,,,,,,,,,,,,,"3,146",,,,,,,,,,,,,,,
,,,,,,,,,,,,,,,,,,,,,,,,,,,,,,,,,,,,,,,,,,,,,,,,,,,,,,,,,,,,,,,,,,,,,,,,,,,,,,,,,,,,,,,,,,,,,,,,,
,,,,,,,,,,,,,,,,,,,"1,000","1,658","2,517","2,504","2,580","2,249",,,,,,,,,,,,,,,,,,,,,,,,,",,",,,,,,,,,,,,,,,,,,,,,,,,,210.0,Jaldub,"2,846","3,126","2,908","2,067","3,000",-,"2,405",,,,,,,,,,,,,,,
,,,,,,,,,,,,,,,,,,,"2,928","3,011","3,026","3,138","3,266","3,641",,,,,,,,,,,,,,,,,,,,,,,,,",,",,,,,,,,,,,,,,,,,,,,,,,,,211.0,Coconut,"3,138","3,090","3,124","3,187","3,183","3,193","3,160",,,,,,,,,,,,,,,
,,,,,,,,,,,,,,,,,,,"18,820","18,925","18,313","18,051","16,180","15,723",,,,,,,,,,,,,,,,,,,,,,,,,,,,,,,,,,,,,,,,,,,,,,,,,,212.0,Dates,"15,396","16,088","15,838","15,813","17,689","16,664","16,958",,,,,,,,,,,,,,,
,,,,,,,,,,,,,,,,,,,"8,950","8,820","10,652","7,725","8,943","9,147",,,,,,,,,,,,,,,,,,,,,,,,,",,",,,,,,,,,,,,,,,,,,,,,,,,,213.0,"Tamarind with
seed","9,548","9,643","9,458","9,425","9,900","9,458",,,,,,,,,,,,,,,,
,,,,,,,,,,,,,,,,,,,,,,,,,,,,,,,,,,,,,,,,,,,,,,,,,,,,,,,,,,,,,,,,,,,,,,,,,,,,,,,,,,"9,306",,,,,,,,,,,,,,,
,,,,,,,,,,,,,,,,,,,,,,,,,,,,,,,,,,,,,,,,,,,,,,,,,,,,,,,,,,,,,,,,,,,,,,,,,,,,,,,,,,,,,,,,,,,,,,,,,
,,,,,,,,,,,,,,,,,,,"9,750","8,167",-,-,-,-,,,,,,,,,,,,,,,,,,,,,,,,,",,",,,,,,,,,,,,,,,,,,,,,,,,,214.0,without seed,"9,250","9,250","9,250","10,513","10,583","11,875","9,830",,,,,,,,,,,,,,,
,,,,,,,,,,,,,,,,,,,"2,025","1,538","1,465","1,654","1,713","1,884",,,,,,,,,,,,,,,,,,,,,,,,,Vegetable:,,,,,,,,,,,,,,,,,,,,,,,,,215.0,Potato: Local,"2,035","2,076","2,069","2,350","2,777","2,963","2,046",,,,,,,,,,,,,,,
,,,,,,,,,,,,,,,,,,,"1,559","1,017","1,009","1,138","1,294","1,436",,,,,,,,,,,,,,,,,,,,,,,,,",,",,,,,,,,,,,,,,,,,,,,,,,,,216.0,Holland White,"1,610","1,642","1,586","1,662","2,100","2,169","1,519",,,,,,,,,,,,,,,
,,,,,,,,,,,,,,,,,,,"1,711","1,081","1,078","1,204","1,310","1,534",,,,,,,,,,,,,,,,,,,,,,,,,",,",,,,,,,,,,,,,,,,,,,,,,,,,217.0,Red,"1,628","1,634","1,636","1,776","2,168","2,413","1,598",,,,,,,,,,,,,,,
,,,,,,,,,,,,,,,,,,,"2,205","1,769","1,690","1,690","1,726","1,663",,,,,,,,,,,,,,,,,,,,,,,,,"Sweet
Potato",,,,,,,,,,,,,,,,,,,,,,,,,218.0,,"2,375","1,675","2,317","1,550",-,"3,100",,,,,,,,,,,,,,,,
,,,,,,,,,,,,,,,,,,,,,,,,,,,,,,,,,,,,,,,,,,,,,,,,,,,,,,,,,,,,,,,,,,,,,,,,,,,,,,,,,,"1,978",,,,,,,,,,,,,,,
,,,,,,,,,,,,,,,,,,,,,,,,,,,,,,,,,,,,,,,,,,,,,,,,,,,,,,,,,,,,,,,,,,,,,,,,,,,,,,,,,,,,,,,,,,,,,,,,,
,,,,,,,,,,,,,,,,,,,"1,860","1,829","2,226","3,036","3,371","2,934",,,,,,,,,,,,,,,,,,,,,,,,,Vegetable:,,,,,,,,,,,,,,,,,,,,,,,,,219.0,Brinjal,"3,375","3,455","3,751","4,048","3,464","2,894","3,020",,,,,,,,,,,,,,,
,,,,,,,,,,,,,,,,,,,"2,306","5,228","5,473","4,179","2,743","1,956",,,,,,,,,,,,,,,,,,,,,,,,,",,",,,,,,,,,,,,,,,,,,,,,,,,,220.0,Patal,"2,419","2,594","2,884","3,121","3,096","3,048","3,254",,,,,,,,,,,,,,,
,,,,,,,,,,,,,,,,,,,"1,721","1,811","2,359","2,923","1,730","1,369",,,,,,,,,,,,,,,,,,,,,,,,,",,",,,,,,,,,,,,,,,,,,,,,,,,,221.0,Chalcumra,"1,600","1,699","1,717","1,819","1,982","2,113","1,904",,,,,,,,,,,,,,,
,,,,,,,,,,,,,,,,,,,"1,692","1,666","1,705","1,730","1,667","1,603",,,,,,,,,,,,,,,,,,,,,,,,,",,",,,,,,,,,,,,,,,,,,,,,,,,,222.0,Pumpkin,"1,708","1,883","2,001","2,421","2,420","2,406","1,908",,,,,,,,,,,,,,,
,,,,,,,,,,,,,,,,,,,"1,532","1,392","1,538","1,633","1,783","1,665",,,,,,,,,,,,,,,,,,,,,,,,,",,",,,,,,,,,,,,,,,,,,,,,,,,,223.0,Lao,"1,713","1,871","1,980","2,017","1,976","1,935","1,753",,,,,,,,,,,,,,,
,,,,,,,,,,,,,,,,,,,"4,726","5,932","5,546","5,126","4,290","3,299",,,,,,,,,,,,,,,,,,,,,,,,,",,",,,,,,,,,,,,,,,,,,,,,,,,,224.0,Uchehhe,"3,916","4,611","5,060","4,953","5,351","5,557","4,864",,,,,,,,,,,,,,,
,,,,,,,,,,,,,,,,,,,"3,424","4,435","4,926","4,445","3,196","2,729",,,,,,,,,,,,,,,,,,,,,,,,,",,",,,,,,,,,,,,,,,,,,,,,,,,,225.0,Karalla,"3,502","3,901","4,229","4,075","4,008","4,325","3,933",,,,,,,,,,,,,,,
,,,,,,,,,,,,,,,,,,,"1,226","1,274","1,403","1,761","2,459","2,312",,,,,,,,,,,,,,,,,,,,,,,,,Vegetable:,,,,,,,,,,,,,,,,,,,,,,,,,226.0,Green Papaya,"2,039","1,910","1,675","1,541","1,541","1,589","1,728",,,,,,,,,,,,,,,
,,,,,,,,,,,,,,,,,,,"2,758","2,761","1,900","1,700","4,822","3,517",,,,,,,,,,,,,,,,,,,,,,,,,",,",,,,,,,,,,,,,,,,,,,,,,,,,227.0,Mukhi kachu,"3,425","3,407","3,517","4,040","4,177","4,015","3,337",,,,,,,,,,,,,,,
,,,,,,,,,,,,,,,,,,,"4,500",-,-,-,"1,875","1,999",,,,,,,,,,,,,,,,,,,,,,,,,",,",,,,,,,,,,,,,,,,,,,,,,,,,228.0,Pani kachu,"1,998","1,784","1,955","2,409","1,842","2,038","2,267",,,,,,,,,,,,,,,
,,,,,,,,,,,,,,,,,,,"2,606","3,447","4,174","4,128","3,615","2,751",,,,,,,,,,,,,,,,,,,,,,,,,",,",,,,,,,,,,,,,,,,,,,,,,,,,229.0,Kachur lati,"3,027","3,266","3,249","3,444","3,494","3,557","3,396",,,,,,,,,,,,,,,
,,,,,,,,,,,,,,,,,,,-,-,-,-,"3,866","2,687",,,,,,,,,,,,,,,,,,,,,,,,,",,",,,,,,,,,,,,,,,,,,,,,,,,,230.0,Kakrol,"2,944","3,258","3,308","3,567","3,649","3,283","3,320",,,,,,,,,,,,,,,
,,,,,,,,,,,,,,,,,,,"3,313","4,980","5,126","3,465","1,980","1,709",,,,,,,,,,,,,,,,,,,,,,,,,",,",,,,,,,,,,,,,,,,,,,,,,,,,231.0,Lady's Finger,"2,535","2,979","3,218","3,591","3,645","3,735","3,356",,,,,,,,,,,,,,,
,,,,,,,,,,,,,,,,,,,,,,,,,,,,,,,,,,,,,,,,,,,,,,,,,",,",,,,,,,,,,,,,,,,,,,,,,,,,,,,,,,,,,233.0,Khirai,"1,925","2,236","2,122","2,081","1,961","1,691","2,601","3,321","2,596","2,757","3,897","3,388","2,548"
,,,,,,,,,,,,,,,,,,,,,,,,,,,,,,,,,,,,,,,,,,,,,,,,,",,",,,,,,,,,,,,,,,,,,,,,,,,,,,,,,,,,,234.0,Beans,"2,030","1,796",-,"2,538","2,025","2,225",-,"7,533","8,492","7,031","5,293","3,972","4,294"
,,,,,,,,,,,,,,,,,,,,,,,,,,,,,,,,,,,,,,,,,,,,,,,,,",,",,,,,,,,,,,,,,,,,,,,,,,,,,,,,,,,,,235.0,Barbati,"2,840","3,290","3,873","4,006","2,815","2,487","3,481","3,979","4,028","4,093","3,996","3,861","3,562"
,,,,,,,,,,,,,,,,,,,,,,,,,,,,,,,,,,,,,,,,,,,,,,,,,",,",,,,,,,,,,,,,,,,,,,,,,,,,,,,,,,,,,236.0,Tomato Ripe,"2,065","1,408","1,467","1,641","2,051","2,672","5,529","7,814","7,283","8,233","7,326","5,330","4,402"
,,,,,,,,,,,,,,,,,,,,,,,,,,,,,,,,,,,,,,,,,,,,,,,,,",,",,,,,,,,,,,,,,,,,,,,,,,,,,,,,,,,,,237.0,Motorshooti,"4,194","3,394","3,601","3,428","3,226","3,279",-,-,-,-,"6,875","7,389","4,423"
,,,,,,,,,,,,,,,,,,,,,,,,,,,,,,,,,,,,,,,,,,,,,,,,,",,",,,,,,,,,,,,,,,,,,,,,,,,,,,,,,,,,,238.0,Jinga,"4,600","3,411","4,358","4,284","2,963","1,948","2,723","2,937","3,129","3,339","3,354","3,531","3,381"
,,,,,,,,,,,,,,,,,,,,,,,,,,,,,,,,,,,,,,,,,,,,,,,,,",,",,,,,,,,,,,,,,,,,,,,,,,,,,,,,,,,,,239.0,Chichinga,"2,837","3,231","3,787","3,679","2,571","1,785","2,297","2,508","2,759","3,018","3,073","3,199","2,895"
,,,,,,,,,,,,,,,,,,,,,,,,,,,,,,,,,,,,,,,,,,,,,,,,,",,",,,,,,,,,,,,,,,,,,,,,,,,,,,,,,,,,,240.0,Dundol,"2,200","2,200",-,"5,100","2,203","1,483","1,977","2,206","2,118","2,345","2,433","2,454","2,429"
,,,,,,,,,,,,,,,,,,,,,,,,,,,,,,,,,,,,,,,,,,,,,,,,,",,",,,,,,,,,,,,,,,,,,,,,,,,,,,,,,,,,,241.0,Radish Spinach,895,500,650,"1,225","1,400","1,850","1,958","1,856","1,897","1,947","1,625","1,383","1,432"
,,,,,,,,,,,,,,,,,,,,,,,,,,,,,,,,,,,,,,,,,,,,,,,,,",,",,,,,,,,,,,,,,,,,,,,,,,,,,,,,,,,,,242.0,Red Spinach,"1,467","1,567","1,633","1,678","1,636","1,621","1,986","2,154","2,153","2,244","2,056","1,913","1,842"
,,,,,,,,,,,,,,,,,,,,,,,,,,,,,,,,,,,,,,,,,,,,,,,,,",,",,,,,,,,,,,,,,,,,,,,,,,,,,,,,,,,,,243.0,Palongsak,"1,293","1,216","1,272","1,201","1,161","1,327","1,650","1,875","2,684","2,806","2,437","1,983","1,742"
,,,,,,,,,,,,,,,,,,,,,,,,,,,,,,,,,,,,,,,,,,,,,,,,,",,",,,,,,,,,,,,,,,,,,,,,,,,,,,,,,,,,,244.0,Indian Spinach,"1,224","1,224","1,604","1,545","1,304","1,180","1,293","1,428","1,428","1,486","1,559","1,443","1,393"
,,,,,,,,,,,,,,,,,,,,,,,,,,,,,,,,,,,,,,,,,,,,,,,,,",,",,,,,,,,,,,,,,,,,,,,,,,,,,,,,,,,,,245.0,Danta,"1,522","1,476","1,561","1,740","1,392","1,223","1,411","1,494","1,558","1,879","1,898","1,800","1,579"
,,,,,,,,,,,,,,,,,,,,,,,,,,,,,,,,,,,,,,,,,,,,,,,,,",,",,,,,,,,,,,,,,,,,,,,,,,,,,,,,,,,,,246.0,Cauliflower,"1,279","1,212","2,908","1,349","1,334","1,717","3,125","3,625","6,271","4,051","4,211","3,397","2,873"
,,,,,,,,,,,,,,,,,,,,,,,,,,,,,,,,,,,,,,,,,,,,,,,,,",,",,,,,,,,,,,,,,,,,,,,,,,,,,,,,,,,,,247.0,Cabbage,927,811,876,880,842,"1,348","2,417","3,667","3,670","2,899","2,857","2,416","1,967"
,,,,,,,,,,,,,,,,,,,,,,,,,,,,,,,,,,,,,,,,,,,,,,,,,",,",,,,,,,,,,,,,,,,,,,,,,,,,,,,,,,,,,248.0,Oal kopy,"1,100","1,049","1,184","1,135","1,134","1,300",-,"2,667","5,750","4,100","3,252","2,588","2,296"
,,,,,,,,,,,,,,,,,,,,,,,,,,,,,,,,,,,,,,,,,,,,,,,,,",,",,,,,,,,,,,,,,,,,,,,,,,,,,,,,,,,,,249.0,Carrot,"1,938","1,539","1,597","1,678","2,265","3,424","5,184","5,344","5,373","5,909","5,294","3,790","3,611"
,,,,,,,,,,,,,,,,,,,,,,,,,,,,,,,,,,,,,,,,,,,,,,,,,",,",,,,,,,,,,,,,,,,,,,,,,,,,,,,,,,,,,250.0,Green Banana,329,319,312,360,416,362,412,423,418,-,388,395,376
,,,,,,,,,,,,,,,,,,,,,,,,,,,,,,,,,,,,,,,,,,,,,,,,,",,",,,,,,,,,,,,,,,,,,,,,,,,,,,,,,,,,,251.0,Radish,994,970,"1,021","1,091","1,097","1,050","2,717","4,255","3,002","2,605","2,285","1,899","1,915"
,,,,,,,,,,,,,,,,,,,,,,,,,,,,,,,,,,,,,,,,,,,,,,,,,Bibidh:,,,,,,,,,,,,,,,,,,,,,,,,,,,,,,,,,,252.0,Sugar-Local,"4,807","4,815","4,822","4,820","4,970","4,989","5,063","5,190","5,284","5,399","5,435","5,529","5,094"
,,,,,,,,,,,,,,,,,,,,,,,,,,,,,,,,,,,,,,,,,,,,,,,,,,,,,,,,,,,,,,,,,,,,,,,,,,,,,,,,,,,253.0,Sugar-foreign,"4,798","4,850","4,874","4,877","4,982","4,952","5,018","5,186","5,294","5,421","5,695","5,623","5,131"
,,,,,,,,,,,,,,,,,,,,,,,,,,,,,,,,,,,,,,,,,,,,,,,,,Gur,,,,,,,,,,,,,,,,,,,,,,,,,,,,,,,,,,254.0,Sugarcane,"5,979","5,991","6,039","6,021","6,143","6,201","6,344","6,430","6,441","6,504","6,514","6,565","6,264"
,,,,,,,,,,,,,,,,,,,,,,,,,,,,,,,,,,,,,,,,,,,,,,,,,,,,,,,,,,,,,,,,,,,,,,,,,,,,,,,,,,,255.0,Dates,"8,369","8,626","8,411","8,576","8,771","8,571","8,310","8,451","7,807","8,328","8,013","8,841","8,423"
,,,,,,,,,,,,,,,,,,,,,,,,,,,,,,,,,,,,,,,,,,,,,,,,,Salt,,,,,,,,,,,,,,,,,,,,,,,,,,,,,,,,,,256.0,With Iodine,"2,758","2,717","2,719","2,719","2,710","2,673","2,697","2,684","2,679","2,673","2,658","2,618","2,692"
,,,,,,,,,,,,,,,,,,,,,,,,,,,,,,,,,,,,,,,,,,,,,,,,,",,",,,,,,,,,,,,,,,,,,,,,,,,,,,,,,,,,,257.0,loose,"1,679","1,633","1,627","1,685","1,593","1,561","1,553","1,558","1,550","1,542","1,518","1,501","1,583"
,,,,,,,,,,,,,,,,,,,,,,,,,,,,,,,,,,,,,,,,,,,,,,,,,Vushi,,,,,,,,,,,,,,,,,,,,,,,,,,,,,,,,,,258.0,Mashur,"2,643","2,620","2,620","2,655","2,657","2,583","2,575","2,714","2,824","2,854","2,855","2,904","2,709"
,,,,,,,,,,,,,,,,,,,,,,,,,,,,,,,,,,,,,,,,,,,,,,,,,",,",,,,,,,,,,,,,,,,,,,,,,,,,,,,,,,,,,259.0,Chola,"3,240","3,343","3,189","3,181","3,351","3,290","3,443","3,459","3,448","3,462","3,543","3,513","3,372"
,,,,,,,,,,,,,,,,,,,,,,,,,,,,,,,,,,,,,,,,,,,,,,,,,",,",,,,,,,,,,,,,,,,,,,,,,,,,,,,,,,,,,260.0,Kheshari,"3,083","3,076","3,102","3,061","3,102","3,095","3,174","3,196","3,184","3,227","3,246","3,218","3,147"
,,,,,,,,,,,,,,,,,,,,,,,,,,,,,,,,,,,,,,,,,,,,,,,,,",,",,,,,,,,,,,,,,,,,,,,,,,,,,,,,,,,,,261.0,Wheat,"2,710","2,729","2,739","2,757","2,834","2,877","2,922","2,936","2,925","2,906","2,892","2,916","2,845"
,,,,,,,,,,,,,,,,,,,,,,,,,,,,,,,,,,,,,,,,,,,,,,,,,",,",,,,,,,,,,,,,,,,,,,,,,,,,,,,,,,,,,262.0,Rice kura,"1,196","1,203","1,067","1,207","1,213","1,098","1,147","1,159","1,122","1,131","1,109","1,167","1,152"
,,,,,,,,,,,,,,,,,,,,,,,,,,,,,,,,,,,,,,,,,,,,,,,,,",,",,,,,,,,,,,,,,,,,,,,,,,,,,,,,,,,,,263.0,"Lakri cherai
Mango",523,521,525,520,525,530,529,532,532,536,539,538,
,,,,,,,,,,,,,,,,,,,,,,,,,,,,,,,,,,,,,,,,,,,,,,,,,,,,,,,,,,,,,,,,,,,,,,,,,,,,,,,,,,,,,,,,,,,,,,,,,529
,,,,,,,,,,,,,,,,,,,,,,,,,,,,,,,,,,,,,,,,,,,,,,,,,,,,,,,,,,,,,,,,,,,,,,,,,,,,,,,,,,,,,,,,,,,,,,,,,
